Age,Gender,Income,Account_Length,Contract_Type,Call_Duration,Data_Usage,Churn
56,1,57198,13,2,752,385,1
69,1,28820,22,2,834,93,0
46,0,44070,19,1,979,221,1
32,1,89768,34,0,403,203,0
60,1,31122,14,0,628,137,0
25,0,100559,4,2,605,299,0
78,1,93543,48,2,674,394,0
38,1,103441,46,2,610,206,0
56,1,61786,27,2,624,335,0
75,1,114934,29,1,358,80,0
36,1,119804,47,0,602,217,1
40,0,26737,28,2,857,1,0
28,1,56062,35,1,717,177,0
28,1,74237,8,2,16,395,0
41,1,71571,16,2,273,370,0
70,1,45510,42,0,684,345,0
53,1,39426,36,2,115,278,0
57,0,57265,30,0,860,145,1
41,1,37850,18,0,979,317,0
20,0,138249,2,0,692,223,0
39,0,86150,49,1,90,368,1
70,1,107312,13,1,81,383,0
19,1,109613,4,0,323,61,0
41,1,94910,26,2,960,293,0
61,1,72375,25,0,113,238,0
47,0,141826,30,2,768,194,0
55,1,55435,11,0,57,165,0
19,1,116443,7,2,153,450,0
77,1,77132,31,1,876,221,0
38,1,98945,44,2,403,60,1
50,1,102050,10,0,627,128,0
29,1,149828,39,1,854,477,0
75,0,115402,13,2,265,172,1
39,0,22983,31,2,314,479,0
78,1,117241,7,2,714,155,0
61,1,40662,49,2,40,404,1
42,1,43510,42,2,104,377,0
66,0,98187,42,1,900,109,0
44,1,60998,36,1,889,268,1
76,0,76846,20,1,192,410,0
59,1,114071,4,1,400,355,0
45,1,26640,7,0,277,390,0
77,1,64547,1,1,353,277,0
33,1,74620,44,2,748,73,0
32,0,35317,45,2,936,486,1
79,0,135608,42,1,732,436,0
79,1,27564,47,2,579,462,1
64,1,47345,13,1,708,206,0
79,0,133824,22,2,255,387,1
68,0,114223,21,0,650,479,0
61,0,143372,22,0,823,278,0
72,0,99273,28,1,946,374,0
69,1,94859,9,1,660,325,0
74,0,100765,26,1,98,471,0
20,1,130017,9,2,587,339,1
54,0,94038,15,1,281,356,1
68,0,143618,10,0,882,339,0
24,0,72393,24,2,402,203,0
38,0,86081,42,1,108,160,0
26,0,145341,8,2,699,27,0
56,1,122650,24,2,198,391,0
35,1,49430,16,1,302,256,1
21,0,95532,49,2,326,164,1
42,0,47788,26,0,153,62,0
77,1,115505,27,0,551,21,0
31,0,68543,37,2,644,69,0
67,0,33919,4,1,404,380,0
75,1,89346,24,2,461,404,0
26,0,116122,19,0,131,95,0
43,0,59974,36,2,790,162,1
70,1,127309,39,2,873,78,0
19,1,36371,10,0,83,4,0
37,1,65084,25,2,398,315,1
45,0,49629,18,2,753,119,1
64,1,71184,19,1,627,301,0
77,1,81916,36,1,108,177,0
24,1,147293,10,0,220,175,0
61,1,93972,33,0,903,389,1
78,1,82187,5,0,552,216,0
25,1,32984,47,1,367,55,0
64,0,53039,49,0,146,365,0
52,0,105431,35,0,111,186,1
31,1,103691,44,0,614,231,0
34,1,78606,34,1,557,254,0
53,1,30616,33,2,923,412,0
67,0,122665,21,0,493,454,0
57,0,125373,17,2,504,103,0
21,0,70072,22,0,474,76,1
19,0,44574,48,2,835,229,1
79,0,23430,37,1,889,401,0
23,0,139123,15,1,270,257,0
71,0,32676,35,0,994,263,0
59,0,30816,28,2,420,330,0
21,0,52733,7,1,896,480,0
71,1,105680,32,0,706,181,1
46,1,22050,11,0,366,380,0
35,1,129996,10,1,279,255,0
43,1,53933,9,1,282,37,0
61,0,44951,14,0,39,175,1
51,0,52413,13,2,958,26,0
27,1,54801,25,2,188,275,1
79,0,75619,2,2,163,139,1
53,1,52913,35,0,993,298,0
31,0,132573,7,1,988,444,0
48,1,139076,21,0,535,286,0
65,0,60600,18,1,535,90,0
32,0,77775,3,2,3,479,0
25,1,110816,42,2,834,60,0
31,0,149972,39,1,289,457,0
40,1,110093,41,1,952,450,0
77,1,132590,49,0,432,364,0
74,1,55400,11,2,470,346,1
79,1,24494,39,0,180,162,0
57,0,100688,24,0,247,350,0
38,0,142744,46,0,627,142,0
33,0,109431,19,2,278,399,0
62,1,94691,4,0,876,252,0
35,0,117419,26,0,580,268,0
64,1,128730,38,0,862,368,0
70,0,63001,42,0,253,290,0
41,0,87364,32,0,180,499,0
43,0,144988,39,0,829,458,0
42,1,65028,45,2,680,186,0
77,0,127434,46,0,824,404,0
77,0,117659,36,1,508,498,0
77,1,57573,40,0,760,437,0
62,0,20806,37,0,699,458,0
58,1,144343,33,2,565,413,0
46,0,76638,36,2,325,303,0
32,1,148301,3,1,356,290,0
62,1,146295,9,1,824,85,1
18,0,126506,8,2,649,165,1
42,1,49757,33,2,679,414,0
24,1,54636,6,0,390,461,0
26,1,100097,41,2,614,407,0
41,1,68280,39,1,933,113,0
18,1,44262,4,0,84,432,0
61,1,100435,13,1,316,479,0
25,0,82211,49,0,211,355,0
41,1,74842,2,2,514,415,1
28,1,148583,5,1,383,182,0
68,0,76979,44,0,690,206,0
34,0,134524,27,0,341,255,0
25,0,101470,32,2,814,234,0
52,0,58197,21,2,963,441,0
52,0,61844,8,2,987,354,0
50,0,84754,38,1,843,2,1
76,0,121868,8,0,37,207,0
22,1,54157,3,2,510,196,0
59,1,97129,44,1,419,340,1
56,0,60042,3,1,750,124,0
75,1,81665,22,1,168,137,1
58,1,135512,6,2,964,338,0
45,1,136953,2,2,908,24,0
24,0,102856,23,0,342,67,0
26,0,47376,44,0,825,60,0
25,1,129049,2,2,305,28,0
29,0,75554,38,1,541,382,0
51,1,34199,17,1,701,18,1
50,1,138533,35,1,868,170,1
65,1,101412,34,0,536,449,0
72,1,70948,23,1,111,73,0
40,0,93781,30,0,410,60,0
79,0,92750,8,0,946,426,0
41,0,86262,22,1,205,152,0
54,1,137424,44,1,184,275,0
52,0,66600,36,2,381,47,0
61,1,96898,5,2,495,210,0
57,0,82483,13,1,378,342,1
39,1,38297,29,0,46,407,0
44,1,50448,31,0,885,138,0
52,1,46172,47,0,739,109,0
18,0,62874,16,0,550,481,0
52,0,27657,42,0,527,182,0
54,0,104386,30,2,503,27,0
64,0,145617,16,1,21,196,1
31,1,45425,12,2,212,190,0
20,0,46685,17,0,309,314,0
18,0,142000,16,0,660,388,1
22,1,132855,12,0,967,50,1
43,1,44578,8,0,752,148,0
72,1,48831,20,1,271,267,0
31,0,27906,3,0,570,49,0
56,1,81413,16,1,798,387,0
44,1,74028,30,0,937,245,0
26,1,27287,45,1,201,112,0
32,0,53660,23,2,31,169,0
32,1,95758,28,0,442,467,0
43,0,80504,40,1,161,165,0
59,0,79720,5,2,766,408,0
77,1,122979,20,0,253,13,0
30,1,54701,40,0,520,202,0
68,0,103300,44,0,976,287,0
49,1,130177,1,1,650,394,0
56,1,37674,30,1,479,188,0
66,0,103560,21,2,9,401,0
69,0,131543,20,1,725,154,0
78,1,43874,6,1,504,54,0
49,0,63642,22,0,784,181,1
21,1,143867,18,0,835,209,1
47,1,117820,8,0,559,375,0
54,1,85160,39,0,435,470,0
40,0,37602,32,0,110,74,0
56,1,123320,33,0,152,276,0
62,1,108801,16,0,634,427,0
32,1,45931,12,2,916,132,1
60,0,114377,38,2,868,342,0
46,0,49192,34,2,101,424,0
53,0,66542,14,2,752,58,1
30,0,147015,36,0,832,344,1
49,0,62520,33,2,190,488,1
24,1,84772,23,0,728,181,0
76,0,78762,45,2,562,457,0
68,0,70106,2,1,803,405,0
39,0,101121,41,2,80,338,0
45,1,45559,21,2,488,320,0
19,0,125595,2,0,894,63,0
59,0,53742,27,2,87,326,1
62,1,89669,9,1,193,259,0
79,0,100199,1,0,103,192,0
74,1,41754,11,0,782,142,0
70,1,23972,3,2,95,103,0
23,1,90831,23,0,422,459,0
45,1,132217,26,0,890,405,0
45,1,61873,4,0,197,213,0
61,0,114661,18,0,0,241,0
61,1,126532,6,0,406,430,0
37,1,146267,35,0,377,208,1
47,0,29903,22,1,166,92,0
79,1,23020,43,2,508,429,0
28,0,61755,15,1,637,141,0
75,0,105956,22,0,312,433,0
72,0,106988,37,0,592,403,0
45,1,65648,42,2,417,433,0
42,1,123537,12,1,762,111,1
56,1,145991,47,2,680,416,1
79,0,29516,49,1,476,374,0
50,1,132863,42,0,72,58,1
18,1,135005,38,2,140,42,0
74,1,22396,18,2,581,206,0
44,0,104082,45,0,261,267,0
79,0,39129,35,2,339,295,0
74,1,148322,30,1,307,117,1
69,1,21591,24,1,244,19,0
30,1,31303,42,1,514,221,1
58,1,50561,30,1,336,165,0
20,0,91719,14,0,574,130,0
56,0,138618,6,2,560,155,0
23,0,112108,3,1,75,183,0
25,0,148748,16,0,879,89,0
44,1,119616,7,2,174,93,1
26,1,144165,14,2,108,12,0
79,1,106231,9,0,182,460,1
54,0,27314,15,0,191,321,1
50,1,137071,21,1,64,292,0
68,0,39623,35,2,848,432,1
59,0,87675,2,2,962,229,1
61,1,132992,27,0,473,321,0
41,1,116826,2,2,782,291,1
32,1,85082,35,1,99,437,1
76,0,149839,18,2,543,25,0
71,1,103624,14,0,863,74,0
49,0,125228,20,0,127,455,1
49,1,53130,18,1,451,363,0
41,0,71756,10,1,913,423,0
58,0,117624,25,2,368,298,0
69,1,46292,2,2,850,149,1
66,0,131785,25,0,42,147,0
79,0,147331,33,1,883,7,1
66,1,106206,36,1,418,28,0
75,0,89274,31,1,487,295,0
69,1,22469,14,2,77,473,0
29,0,73947,1,1,825,413,0
79,1,42534,46,0,800,208,0
56,1,83620,16,0,269,127,1
19,0,68874,46,2,673,339,1
20,0,69708,3,2,700,115,0
66,0,94553,35,1,758,438,0
54,0,88344,41,2,899,143,1
66,0,69138,6,0,727,429,1
73,1,74302,25,1,314,317,0
34,0,67638,13,0,924,234,0
76,1,98249,34,1,850,6,0
66,1,125865,8,2,901,463,1
19,0,22719,21,1,888,44,0
19,1,42890,34,1,992,442,0
45,1,97236,4,0,944,238,0
71,1,56509,25,0,167,439,1
40,1,62534,15,1,338,431,0
54,0,122302,4,2,192,154,0
49,1,112241,45,2,452,180,0
50,0,38787,12,0,282,214,0
18,0,146209,32,2,335,87,0
36,1,68845,32,0,389,255,1
79,0,77932,28,2,999,72,1
19,0,112124,13,1,524,418,1
70,0,111659,31,0,239,178,1
61,1,53062,14,0,831,211,0
43,0,95713,20,1,957,292,1
49,0,107263,18,0,482,233,0
23,0,115756,29,2,658,464,0
49,1,80461,6,2,715,238,1
72,0,95418,32,0,591,222,0
21,1,86672,29,2,890,118,0
72,1,148232,43,0,554,312,0
28,1,54832,2,1,457,263,0
73,1,147335,23,0,88,206,0
76,1,51966,19,1,659,94,1
34,1,92545,31,2,94,372,1
55,0,32987,5,1,451,221,0
41,1,57311,19,2,427,365,0
22,0,51575,34,0,150,275,0
69,0,83852,10,2,513,379,1
51,1,147650,25,0,375,230,0
23,0,21007,2,0,21,308,0
39,0,90981,11,1,882,118,0
28,0,96242,31,1,312,267,0
65,0,67517,15,1,996,432,0
33,1,130022,9,1,839,272,1
50,0,49257,23,2,518,63,0
26,1,107272,19,2,205,297,0
77,0,62207,9,2,951,349,0
76,0,33281,35,0,374,412,0
23,1,81246,21,2,450,402,0
33,0,21435,9,2,625,493,0
46,0,118875,28,2,783,10,0
20,0,120686,46,1,594,97,0
37,1,111357,7,2,178,433,1
77,0,46660,16,0,209,70,0
76,1,25084,16,1,499,363,1
53,0,102197,33,0,463,57,0
36,1,33507,4,2,839,289,1
43,1,92595,4,1,123,250,0
20,0,103807,39,0,992,275,1
36,0,65539,40,2,112,49,0
37,1,135953,17,0,11,357,0
49,1,27491,37,0,125,215,1
24,0,147706,39,0,564,393,0
69,1,132831,29,2,330,415,0
58,0,70192,36,2,900,51,0
50,0,100395,38,0,282,270,0
57,0,143797,39,1,139,484,0
56,0,83888,37,1,400,83,0
35,1,93609,35,2,901,386,0
57,0,29077,7,2,96,292,1
18,1,137440,27,2,516,125,0
28,0,142901,28,2,568,295,1
45,1,40953,22,2,923,71,1
74,0,96919,14,1,845,295,0
42,1,134682,7,2,68,235,0
67,1,141041,37,0,117,55,0
40,0,87889,22,0,887,406,0
48,0,43821,5,1,58,359,1
47,0,57567,2,0,32,394,0
59,0,135374,27,1,317,109,0
52,1,44860,21,1,49,191,0
24,0,41195,38,0,879,391,0
77,1,97475,15,2,488,92,0
33,1,110874,21,0,18,349,0
43,0,107266,10,0,725,55,1
65,1,41427,23,1,196,59,0
74,1,120732,39,0,890,137,0
69,1,47083,5,1,449,38,1
77,1,107046,1,2,989,27,0
66,0,77372,13,2,558,48,1
19,0,143786,21,2,678,419,1
18,0,64064,26,0,451,124,0
65,0,27813,45,1,288,12,1
79,1,51598,21,2,140,479,0
29,1,132718,18,1,83,35,1
22,0,146879,37,1,693,100,0
54,0,113106,45,2,390,281,0
49,0,47082,32,2,590,85,1
76,1,49241,36,1,214,3,1
72,0,116214,17,2,525,222,1
26,0,64569,35,1,214,337,0
58,0,31745,49,1,402,447,1
52,1,46029,11,2,127,165,0
36,1,33025,21,0,821,382,1
65,1,121660,26,2,476,343,0
33,1,143395,4,0,759,382,0
20,1,34288,34,1,403,375,0
37,1,109186,48,1,28,470,0
41,1,26540,18,0,791,277,1
71,1,117768,40,1,337,129,0
73,0,101958,35,0,830,30,0
50,0,88878,41,0,713,374,0
41,1,61846,29,1,360,10,1
69,1,121148,29,0,568,475,0
28,0,95932,38,2,391,301,0
66,1,37482,42,2,217,95,0
25,1,43411,21,1,573,189,0
53,1,70975,42,1,668,452,0
55,0,80545,13,0,201,191,0
57,0,132302,49,0,16,485,0
37,0,98797,41,0,321,265,1
79,0,72307,17,0,517,423,1
52,0,23093,9,2,569,127,0
65,1,97258,41,2,324,237,1
79,0,42042,1,1,411,407,0
42,1,72930,2,0,317,354,0
52,1,137584,48,0,680,427,0
42,0,64413,29,1,964,111,0
46,0,133387,33,0,81,315,0
35,1,113623,10,0,473,445,0
63,1,117883,40,0,467,342,0
35,1,53756,21,0,424,144,0
19,0,73268,28,0,944,64,0
71,0,59214,11,1,730,246,0
52,0,101871,34,0,688,222,0
33,0,147844,8,1,203,478,0
78,0,48602,22,0,582,489,0
58,1,73331,8,2,386,312,0
53,0,68901,49,2,777,438,1
50,1,119986,15,2,97,105,0
21,1,83416,17,2,344,180,0
50,1,52196,23,1,802,183,0
31,0,148386,24,1,207,225,0
38,0,25626,45,0,513,264,0
65,0,27424,19,2,635,277,0
37,1,32857,5,1,791,396,0
73,1,130459,32,0,585,88,0
25,1,135621,44,0,165,175,0
24,1,39982,1,1,21,17,0
20,1,96961,23,2,153,370,0
34,1,21980,37,0,938,459,0
50,0,68290,8,2,438,423,0
65,0,46431,13,2,294,400,0
29,0,104976,8,2,218,398,0
76,0,127288,23,0,668,105,0
68,1,102711,43,2,494,270,0
39,1,134187,1,0,229,462,0
72,0,46385,45,2,19,318,1
39,1,58158,24,0,986,166,0
63,0,43019,35,2,552,12,1
47,0,38639,24,1,949,336,0
55,0,105530,17,2,147,31,0
55,1,119911,5,2,107,392,0
62,0,41563,20,0,402,39,0
68,0,59341,21,0,595,147,0
71,0,135672,40,2,482,217,0
25,1,25776,31,1,366,218,0
44,1,56444,46,1,833,468,0
44,0,88916,36,0,413,81,1
51,1,28711,11,1,308,332,1
38,1,94318,15,2,801,207,0
47,1,102970,19,0,917,200,0
50,1,132301,7,2,834,446,0
45,1,105553,28,0,133,331,0
64,1,50707,43,0,718,427,0
50,1,59110,5,0,282,37,1
22,1,149410,5,0,777,210,0
77,1,81788,30,1,72,443,0
78,1,102879,32,2,480,326,0
65,0,58827,8,2,351,248,1
36,0,127188,10,2,559,226,0
21,1,25655,38,0,325,47,0
52,0,64859,47,1,744,17,1
66,0,73625,32,2,442,399,0
34,1,72098,48,1,99,438,1
61,1,35251,28,0,58,294,0
45,1,142413,17,2,507,195,1
47,0,20526,31,1,257,186,0
46,0,88760,8,0,412,344,0
63,1,67837,40,1,451,223,1
70,1,145133,25,2,64,317,0
23,1,149478,9,2,594,487,0
52,0,31536,2,0,153,396,0
77,0,48541,15,0,984,364,0
58,0,99083,3,0,265,336,0
54,0,71027,49,1,820,496,0
41,1,54531,36,1,78,228,0
46,1,28712,4,1,314,389,0
66,1,124101,14,0,661,466,0
63,1,85455,41,2,946,76,0
70,0,94744,41,2,559,187,1
48,0,141787,25,1,916,345,1
52,1,149749,10,1,890,269,1
77,1,25109,21,2,247,94,0
50,0,141332,36,2,789,309,0
69,1,69268,12,1,867,131,0
78,0,120737,27,1,609,38,0
38,1,74615,40,2,413,71,0
49,1,102503,2,0,24,280,0
40,1,143274,13,1,283,332,0
50,1,49759,32,2,448,159,1
20,1,105708,31,2,880,186,0
35,1,80112,16,2,300,485,0
42,1,122471,32,2,67,190,0
59,0,146740,32,0,6,421,0
48,0,143153,34,2,816,119,1
71,0,46589,11,1,136,219,0
75,0,50015,10,0,163,52,0
20,0,49009,15,2,82,221,0
57,1,103309,17,0,896,450,0
63,1,146446,40,1,649,411,0
41,0,82046,18,2,419,130,1
67,1,126661,9,1,72,236,1
49,0,46143,25,2,236,245,1
64,0,26154,40,2,45,225,0
39,1,41804,14,2,617,207,1
40,1,61688,25,2,927,405,0
19,1,84288,22,2,799,95,0
44,0,71195,30,0,261,421,0
59,1,40581,20,2,175,199,0
19,0,72648,21,2,165,246,0
43,0,50087,44,0,656,71,0
34,0,69930,32,0,841,317,0
57,1,52981,46,0,369,184,0
50,1,89298,49,0,794,5,0
26,0,66167,21,0,53,205,1
60,1,95304,35,0,689,31,1
71,1,63408,32,2,418,98,1
65,1,59499,30,2,755,393,0
56,0,145816,39,1,506,386,0
46,0,72269,49,2,340,255,0
59,1,58559,12,2,126,186,0
72,0,134126,41,0,408,75,0
43,1,94319,47,0,923,176,0
52,1,131925,18,2,366,314,0
67,1,115317,21,1,270,286,1
42,1,116347,13,0,643,348,0
41,0,68787,21,2,604,254,0
30,0,55488,8,2,378,324,0
77,0,94441,46,1,72,189,1
75,1,94663,40,1,922,307,1
24,1,42431,46,0,921,344,1
74,1,81681,7,1,914,126,1
53,0,83483,23,2,247,424,0
62,1,142720,44,2,859,286,0
37,0,69153,32,1,784,253,0
18,0,26368,11,1,42,212,0
25,0,47424,22,1,376,249,0
63,0,132360,22,1,40,83,0
33,0,65004,43,0,169,486,1
31,0,103869,25,1,945,382,1
29,1,108652,22,0,211,405,1
68,1,132755,28,2,492,387,1
40,0,76985,29,1,679,12,0
32,0,70069,13,0,38,44,0
45,1,72326,18,1,368,126,0
51,0,128737,2,2,756,425,0
19,0,101061,29,2,150,113,0
49,1,43398,21,2,110,432,0
40,0,118393,15,1,479,275,1
39,0,70861,27,1,435,499,0
68,0,95897,31,0,46,204,0
42,1,101905,15,2,574,336,0
75,1,147118,23,1,736,437,0
79,1,88577,24,2,365,419,0
78,0,85641,44,2,68,480,0
39,0,29078,13,0,298,384,1
75,1,45003,22,0,943,398,0
75,0,82768,43,0,801,460,0
39,0,71047,37,0,295,272,0
66,0,91626,33,2,202,407,0
69,0,77660,3,0,60,57,1
59,0,124386,19,0,945,327,0
23,1,69786,23,0,962,497,1
32,0,21925,29,0,829,218,0
71,1,103976,30,2,313,108,1
60,0,125221,39,0,160,278,0
77,1,137832,44,2,330,173,0
54,0,145150,47,1,527,327,0
50,1,46015,25,2,337,263,0
25,0,53320,37,2,605,314,0
70,1,84881,47,0,303,473,0
77,0,110827,8,1,502,110,0
61,1,140071,42,1,649,186,0
61,0,122215,16,1,337,268,0
22,1,46289,8,1,549,422,1
56,1,148859,1,2,638,228,0
21,0,23389,44,1,274,496,0
23,0,45683,5,2,163,155,0
62,1,33629,3,2,442,472,1
49,0,81550,1,2,318,188,0
69,1,44826,4,1,588,271,0
47,1,120734,40,0,503,374,1
64,1,46630,35,0,685,1,0
52,0,118762,32,1,386,245,0
72,1,66163,42,0,969,209,0
57,1,118511,34,0,869,400,0
69,0,86435,43,2,832,285,0
33,0,31653,25,2,887,358,0
30,0,47961,10,1,602,12,0
67,0,101941,21,1,749,95,1
77,1,94137,46,0,775,497,0
59,1,53662,39,2,690,220,0
47,1,118818,27,1,493,237,0
36,1,76446,27,1,489,93,0
34,0,41288,2,1,720,337,0
73,1,142555,41,1,72,268,0
36,1,115081,48,1,508,170,1
45,0,56877,13,1,389,468,1
75,1,131562,9,0,618,93,0
72,1,35313,36,2,856,148,0
43,1,100885,22,2,294,111,0
54,1,92715,42,1,368,54,0
43,1,30326,26,2,955,336,0
70,1,130091,12,2,795,423,0
79,0,145836,17,2,864,466,0
40,0,21560,14,1,693,115,1
26,1,99148,14,1,548,142,1
29,1,103186,34,2,648,200,0
70,0,46745,20,2,849,179,0
18,1,51890,11,1,567,201,0
75,1,40022,16,0,186,363,0
75,1,143629,31,2,852,478,0
18,0,72579,6,0,769,52,0
64,1,90316,19,2,444,470,0
51,0,103847,37,0,569,383,0
49,1,48380,4,0,362,179,0
79,0,130198,47,0,122,413,0
71,0,22356,4,1,187,416,0
65,1,90326,20,0,741,312,1
42,0,112447,10,0,679,307,0
57,1,134994,24,0,419,136,0
62,0,109899,35,2,625,181,0
70,1,40049,26,0,251,366,0
18,1,95717,37,2,618,0,0
33,0,125361,38,0,548,43,0
78,1,36082,21,0,334,226,0
56,1,20661,40,1,91,330,1
22,0,57412,39,2,529,97,0
39,1,134015,21,0,865,207,0
46,1,143191,10,2,62,264,0
72,0,22920,38,2,661,287,0
20,0,111194,46,1,511,270,0
29,1,134306,4,1,138,139,0
43,1,80315,45,1,697,480,0
33,0,99561,20,1,184,236,0
68,0,28946,17,1,204,461,0
54,1,114242,7,1,771,440,0
39,0,65500,4,1,213,391,0
74,1,124540,29,1,255,71,0
46,1,36309,14,0,134,154,1
31,1,75230,3,2,572,189,0
45,1,131822,24,1,874,267,0
22,1,118656,37,1,821,320,0
64,0,143782,16,2,87,106,0
66,0,50027,4,0,835,231,0
47,0,146768,24,2,987,41,1
63,0,92541,34,2,206,189,0
79,1,132340,30,1,128,370,0
69,1,134846,18,2,822,138,0
22,1,79321,19,2,2,102,0
29,1,20956,31,1,973,170,0
33,0,120375,19,1,933,350,0
43,1,94131,49,1,753,272,0
43,1,67908,46,1,120,480,0
65,0,98339,19,2,384,415,0
38,0,145659,22,2,613,220,0
56,0,45963,24,0,37,212,0
53,0,121757,45,0,340,340,0
50,1,59443,12,2,924,423,0
79,1,119259,30,0,644,406,0
47,0,59063,38,2,713,55,0
54,1,134225,31,0,859,389,0
40,1,136400,36,1,20,341,0
75,1,100818,19,0,241,433,0
27,0,24703,48,1,454,101,0
71,1,85128,45,1,962,420,1
22,0,92099,36,1,620,492,0
53,1,45849,30,1,302,191,0
51,1,51860,49,0,595,498,0
69,1,51585,33,2,594,309,0
48,0,42015,18,1,802,199,0
27,1,97539,49,0,963,232,0
75,0,63585,28,1,68,432,1
36,0,46958,47,0,128,226,0
75,0,46017,11,0,195,370,0
49,1,96707,45,0,139,138,0
18,1,144677,33,2,443,343,0
73,1,65350,17,0,282,304,0
22,1,32201,6,0,311,148,1
62,0,49426,4,2,745,114,0
21,0,37778,20,2,534,449,0
33,0,65241,48,0,664,62,1
41,1,62229,47,2,276,103,0
33,0,106652,27,1,60,338,0
72,1,148267,15,1,318,358,0
19,0,138402,6,2,889,155,0
66,1,68364,47,2,51,272,0
45,1,118833,14,0,855,5,0
49,0,146503,11,2,152,146,1
44,0,149044,39,0,748,183,0
37,0,104878,9,1,310,485,0
41,0,77056,26,2,813,27,0
29,1,47490,16,0,543,449,0
67,0,147769,5,0,566,37,0
52,0,39975,10,1,863,118,0
77,0,46723,3,2,388,292,0
50,1,43279,13,1,547,370,1
50,1,98301,43,0,621,243,1
78,0,132214,49,0,176,67,1
68,1,31561,30,2,361,213,0
60,0,127435,45,0,313,217,0
54,1,86061,6,2,806,176,0
29,1,108397,17,1,847,298,0
20,1,69153,45,2,96,163,0
18,1,53142,19,2,880,57,0
50,0,46916,42,0,212,268,0
57,0,84324,35,0,828,307,0
27,0,64965,46,2,136,57,0
60,1,145932,26,0,5,287,1
61,0,24648,5,0,108,464,0
46,0,55133,29,0,546,104,0
30,0,70677,37,2,38,227,0
29,1,116059,20,0,661,246,0
48,1,114588,49,2,424,187,1
63,1,119950,21,0,629,493,0
19,0,118317,10,1,260,82,0
78,0,90135,5,0,425,185,0
68,0,55046,36,0,86,251,1
67,1,67064,6,2,464,354,0
52,1,121459,26,2,75,237,1
40,0,126625,4,0,470,359,0
34,1,89350,39,1,975,183,0
43,1,65893,39,0,962,283,0
25,1,121520,35,0,413,384,1
46,1,145818,1,1,824,425,0
43,0,81272,24,2,894,209,0
27,1,112152,36,0,725,303,0
43,1,142907,6,2,456,295,0
79,1,87649,41,2,284,96,0
51,1,84674,46,1,238,446,1
68,0,144132,44,1,676,459,0
58,0,139044,31,2,598,455,0
24,1,128542,20,0,652,471,0
21,1,33760,24,2,671,207,0
75,1,41927,25,0,557,369,0
70,1,106475,36,0,371,387,0
67,1,81367,21,1,494,421,0
62,1,117955,30,0,623,491,0
28,0,32588,24,0,918,410,0
46,1,141750,44,2,44,136,0
73,0,121678,42,1,400,366,0
53,0,124734,30,0,246,399,1
42,1,138154,22,0,615,183,1
38,0,72233,28,1,596,75,1
78,0,64738,7,2,449,286,1
74,0,53397,35,1,484,471,0
53,0,102189,28,1,645,374,1
27,0,96367,14,0,619,141,0
54,0,144873,10,0,17,236,0
26,1,91260,16,2,605,24,0
41,0,140585,16,0,661,289,0
52,0,96619,31,0,757,66,1
66,0,131453,42,1,288,249,1
52,1,39816,25,0,413,407,0
65,0,62240,13,2,720,117,1
53,1,26276,6,1,637,489,0
35,0,133939,44,2,234,72,0
66,1,124199,9,1,415,281,0
56,1,99530,45,0,937,403,0
49,0,43499,36,1,498,447,1
41,0,108576,43,1,973,359,1
40,1,128856,20,0,633,9,1
79,0,102495,18,0,649,210,0
49,1,141717,43,2,114,322,1
54,1,91635,21,2,931,151,0
29,1,127803,4,0,673,4,1
66,1,105112,33,0,712,194,0
72,1,55946,27,0,233,441,0
30,0,75204,7,1,539,282,0
40,1,71886,6,1,10,463,0
42,1,91652,15,1,205,112,0
52,0,35563,18,0,678,270,0
58,1,112324,32,2,246,162,0
47,0,112464,11,0,558,459,0
34,0,121872,20,1,757,104,0
66,0,29847,24,1,126,180,0
79,1,46155,15,0,146,43,0
37,1,99671,48,0,117,281,0
65,1,136891,7,1,910,174,0
42,0,103310,21,1,381,161,1
39,1,87278,42,1,411,470,1
30,0,38309,26,0,663,350,0
76,1,20619,44,1,583,433,1
36,0,103194,14,1,362,339,1
66,1,70108,37,2,508,139,1
53,1,54707,21,0,136,470,0
29,1,40337,18,2,174,131,0
78,0,145261,5,2,288,86,0
58,0,101537,3,1,957,175,0
36,1,86504,23,0,480,182,0
29,1,67614,26,1,18,367,0
26,0,111428,37,0,194,128,1
24,0,111155,24,2,329,245,1
45,0,20281,49,0,935,88,0
31,1,47420,19,1,174,65,0
48,0,100896,25,1,448,157,0
69,1,59030,21,1,924,386,1
36,0,21058,12,0,945,377,0
75,1,106213,41,2,353,148,0
64,0,96260,33,2,498,472,0
33,0,48404,4,0,140,339,0
70,0,123482,42,1,757,432,0
22,0,125284,7,2,896,115,0
52,0,49856,22,1,929,213,1
29,1,29200,33,0,92,468,1
42,0,84178,17,1,943,445,1
69,0,53997,24,2,238,480,1
76,0,45611,34,2,204,371,0
38,1,139273,28,1,559,293,0
53,0,61235,43,0,432,252,0
70,1,137428,41,1,244,142,1
40,0,55057,39,0,831,249,0
33,0,21239,22,1,316,365,0
74,1,123674,49,2,924,435,0
56,0,134474,17,0,294,462,0
62,1,85661,34,0,639,301,0
70,1,146945,6,0,855,24,0
59,0,65272,46,2,281,276,0
75,1,109393,6,1,16,471,0
56,0,81212,34,2,70,376,1
31,0,144088,1,0,268,377,0
48,1,35398,10,1,324,388,0
75,1,140030,21,2,793,69,0
22,1,76503,5,0,304,112,1
52,1,26638,2,0,450,362,0
40,0,26570,22,2,6,111,1
46,0,88785,48,2,313,363,0
60,1,29110,2,2,816,302,1
28,0,125899,10,0,102,470,1
35,0,99141,34,2,820,451,0
64,0,32115,16,0,192,90,0
29,0,59062,48,2,752,17,0
26,1,42911,39,0,573,148,0
27,1,124061,22,0,528,475,0
75,0,52556,12,1,170,226,0
61,1,98131,24,2,536,213,0
34,1,148335,47,2,250,359,0
78,1,21969,40,0,764,150,0
55,0,63753,38,0,386,191,0
24,0,102811,10,0,206,450,0
63,0,24470,35,1,540,39,0
30,1,141863,49,1,628,241,0
57,0,30225,32,0,415,137,0
59,0,127860,7,2,793,344,1
26,1,143008,21,2,379,179,0
67,0,127510,20,1,143,496,0
44,0,128295,26,1,24,199,0
75,1,43196,4,0,821,202,1
19,1,125823,46,2,667,60,1
22,1,33669,22,0,72,191,1
46,0,57380,15,1,631,4,0
54,0,144398,40,2,823,377,0
55,0,130677,21,2,832,236,0
36,1,135886,15,1,92,180,0
25,1,146753,22,0,504,310,1
65,0,68320,28,0,597,36,0
62,0,67414,14,2,335,55,0
18,1,123542,27,1,424,442,0
39,1,35577,41,2,498,236,1
69,1,145354,40,1,363,357,0
34,1,108009,28,0,946,348,0
24,0,146365,26,1,629,196,0
42,1,75409,49,0,744,72,0
62,0,48625,2,1,198,58,0
21,0,101040,25,2,717,239,1
53,0,44089,3,0,412,1,0
23,1,56487,8,2,338,448,0
77,1,85838,44,2,658,359,0
48,1,116999,33,0,961,187,0
36,1,130448,42,0,936,306,1
78,0,114795,35,2,428,29,1
61,1,70138,6,2,782,266,0
71,1,62823,39,2,898,475,1
56,0,57208,23,2,138,107,0
44,1,74061,25,0,692,331,0
27,0,50659,43,0,941,422,0
43,0,149824,19,2,541,89,0
36,0,121376,5,1,56,204,0
56,0,51890,11,1,231,378,0
79,0,99134,12,0,657,455,0
20,0,67055,10,2,434,446,0
62,0,132269,8,2,383,447,0
30,0,39508,24,0,559,444,0
67,1,62287,28,1,193,380,1
45,1,98916,41,1,735,437,0
79,1,46984,36,1,647,219,0
75,1,130169,37,0,533,377,1
37,0,28125,21,1,517,93,0
45,1,56059,8,0,715,456,0
25,0,89569,9,0,750,102,0
78,1,123409,47,2,184,222,0
58,1,37087,15,1,871,185,0
56,1,126437,48,0,291,468,0
18,0,135262,46,1,334,183,1
20,1,25704,40,1,731,494,1
30,0,80576,18,2,115,161,1
45,0,93384,42,1,824,246,0
79,1,107128,20,2,48,30,0
74,1,131279,6,0,684,51,0
77,1,92460,12,1,81,344,0
66,0,47208,2,0,833,75,1
42,1,138516,7,1,332,384,0
73,0,149612,16,0,556,438,0
50,0,105150,3,1,334,277,0
55,1,86024,45,1,531,39,1
70,1,59882,3,1,959,100,1
23,0,45923,27,1,220,110,0
75,0,146561,43,1,634,384,1
61,0,134044,40,1,745,320,0
62,1,121477,38,1,732,248,0
49,0,49165,33,1,322,190,1
62,1,87203,28,1,850,489,0
78,0,111749,1,0,2,181,1
64,0,24114,8,2,693,425,0
38,1,84965,37,1,205,404,0
33,0,56321,32,2,831,334,1
71,1,93297,48,1,39,208,0
38,1,116652,43,1,58,21,1
28,0,119304,37,0,950,165,1
77,1,133942,4,0,573,98,0
54,1,45426,30,2,643,492,0
53,0,37772,6,0,506,207,0
52,1,123754,46,0,571,7,0
36,1,23712,19,2,883,189,0
37,1,21367,32,0,842,174,0
74,0,126493,9,1,121,272,0
35,1,127317,12,2,478,16,0
64,0,135142,11,2,618,89,1
58,0,111736,46,1,95,140,1
66,1,71924,16,0,858,144,0
31,1,23726,1,2,413,165,0
32,1,109152,45,2,234,336,1
48,0,47723,21,1,897,495,0
18,1,146969,30,1,61,77,0
70,1,123110,13,0,255,428,1
71,1,120494,34,2,560,261,0
71,1,29108,4,0,904,162,0
20,1,97714,28,0,347,365,1
33,0,55643,38,1,670,13,1
40,0,51324,31,2,123,238,0
74,1,123896,27,2,481,71,0
28,1,103360,5,2,316,444,0
29,1,130896,25,1,503,142,0
27,1,28927,3,1,718,309,1
49,0,113680,33,1,47,282,0
33,1,116546,4,1,408,268,1
25,0,42443,25,1,931,240,0
55,0,99973,20,2,135,414,0
29,1,83449,34,0,200,244,0
41,0,129834,26,2,249,162,0
45,0,125314,5,0,313,59,0
70,0,96743,35,1,868,5,0
25,0,141805,28,0,367,196,0
75,1,80233,29,2,428,469,0
45,1,45537,9,2,829,57,0
53,0,121293,38,0,806,304,1
43,1,97576,6,1,479,406,0
25,1,127522,19,1,313,216,0
75,1,42612,44,2,499,417,1
77,1,113977,11,0,720,25,1
67,1,26471,2,1,354,302,0
45,0,55631,47,1,484,4,0
45,1,148449,44,2,210,473,1
54,1,128997,44,1,703,19,1
58,1,112059,9,0,43,389,1
53,1,51348,21,2,540,197,0
44,0,84732,24,2,570,58,0
71,0,21177,34,0,582,447,0
34,0,24760,22,2,91,241,0
26,0,52779,3,1,264,145,0
50,1,41636,12,1,894,387,1
70,0,101889,28,0,219,272,0
37,1,73551,30,1,901,248,0
30,1,31556,26,0,924,13,0
45,1,47598,48,0,441,461,0
65,1,31563,21,1,400,12,0
46,1,66819,28,0,399,390,1
30,0,129326,26,1,726,383,0
63,0,93770,33,2,990,43,0
52,0,111055,21,2,898,374,1
78,0,46966,35,0,788,398,0
23,1,140133,34,1,575,18,0
35,0,101709,41,1,857,62,1
68,1,79889,47,2,803,490,0
22,0,46987,18,2,489,238,0
64,1,98714,11,1,484,491,1
42,1,124874,23,0,756,418,0
19,0,78348,48,2,469,336,0
27,1,44596,22,0,573,418,0
73,1,53174,17,0,937,402,1
47,0,84106,5,2,843,403,0
67,1,127510,44,0,681,99,0
76,0,89967,11,0,444,162,0
62,0,79182,30,1,268,415,0
22,0,113300,15,0,266,121,1
72,1,107163,27,1,53,431,0
73,1,59310,35,2,527,43,0
50,1,76088,33,2,519,359,0
71,0,148803,20,1,615,407,0
18,1,28906,16,2,58,316,0
35,0,56914,34,0,824,380,1
49,0,130350,2,0,39,144,0
64,1,65379,35,0,236,326,1
66,0,98612,40,2,954,362,1
